yi,vi,ID,Paper.Number,Experiment.Number,Effect.Size.Number,Paper.and.Exp,Paper,Publication.Year,DOI,Article.Title,Journal,Design,N_Total,N_Intervention,N_Control,Begin.Selection.Factors,Meta-analysis.Source,sample,Measure,task,sound,End.Selection.Factors,Begin.Selection.Numerics,IF,db,End.Selection.Numerics,sound_type,mean_C,var_C,mean_E,var_E,var_type,d,d_var,g,g_var,CI95_L,CI95_R,reference
-0.24908437140194703,0.013123145920817416,1,1,1,1,Sörqvist et al. (2010a),Sörqvist et al. (2010a),2010,not recorded,not recorded,Applied Cognitive Psychology,within,40,40,40,,"Vasilev, et al. (2018)",adults,num_correct,reading comprehension/ select word,speech,,,1.481,72.5,,native,11.55,2.24,10.58,2.93,SD,-0.3544255846484464,0.013646276867539754,-0.24908437140194703,0.013123145920817416,-0.47361471983932907,-0.024554022964564992,NA
0.006670169168255455,0.031588189210601476,2,2,1,1,Ljung et al. (2009),Ljung et al. (2009),2009,not recorded,not recorded,Noise and Health,between,186,116,70,,"Vasilev, et al. (2018)",children,prop_correct,select word,noise+speech,,,1.826,62,,NA,0.69,0.19,0.69,0.16499999999999998,SD,0.006645959812631663,0.03197179582717874,0.006670169168255455,0.031588189210601476,-0.34168193384168277,0.3550222721781937,NA
-0.41866765609867623,0.13778660498809275,3,3,1,1,Fogelson (1973),Fogelson (1973),1973,not recorded,not recorded,Perceptual and Motor Skills,between,28,14,14,,"Vasilev, et al. (2018)",children,num_correct,reading comprehension,music,,,0.618,NA,,popular,43.9,18.8,35.9,18.3,SD,-0.4312276857816365,0.1461778092318676,-0.41866765609867623,0.13778660498809275,-1.1462121713843438,0.3088768591869914,NA
-0.004308624021070361,0.026224824565088668,4,4,1,1,Tucker & Bushman (1991),Tucker & Bushman (1991),1991,not recorded,not recorded,Perceptual and Motor Skills,between,151,76,75,,"Vasilev, et al. (2018)",adults,num_correct,reading comprehension,music,,,0.618,80,,rock and roll,4.69,2.18,4.68,2.43,SD,-0.00433045826442038,0.026491290165767425,-0.004308624021070361,0.026224824565088668,-0.32171260327975043,0.31309535523760973,NA
-0.5155073438198882,0.08339169478388832,5,5,1,1,Daoussis & McKelvie (1986),Daoussis & McKelvie (1986),1986,not recorded,not recorded,Perceptual and Motor Skills,between,48,24,24,,"Vasilev, et al. (2018)",adults,num_correct,reading comprehension,music,,,0.618,50,,rock,9.14,3.55,7.6,2.16,SD,-0.524099132883553,0.08619458230301345,-0.5155073438198882,0.08339169478388832,-1.0815086995442234,0.05049401190444702,NA
-0.07649051869518661,0.015367829957425048,6,6,1,1,Etaugh & Michals (1975),Etaugh & Michals (1975),1975,not recorded,not recorded,Perceptual and Motor Skills,within,32,32,32,,"Vasilev, et al. (2018)",adults,num_correct,reading comprehension,music,,,0.618,NA,,preferred,7.6,NA,6.75,NA,NA,-0.1094011649613394,0.016145826349019694,-0.07649051869518661,0.015367829957425048,-0.3194659404243073,0.1664849030339341,NA
-0.7412808528148285,0.10293467830358319,7,7,1,1,Etaugh & Ptasnik (1982),Etaugh & Ptasnik (1982),1982,not recorded,not recorded,Perceptual and Motor Skills,between,40,20,20,,"Vasilev, et al. (2018)",adults,num_correct,reading comprehension,music,,,0.618,NA,,preferred,6.2,NA,4.8,NA,NA,-0.7563068160475614,0.10715000000000001,-0.7412808528148285,0.10293467830358319,-1.3701161732056644,-0.11244553242399269,NA
-0.6860542728801657,0.11276479898702121,8,8,1,1,Kiger (1989),Kiger (1989),1989,not recorded,not recorded,Perceptual and Motor Skills,between,36,18,18,,"Vasilev, et al. (2018)",children,num_correct,reading comprehension,music,,,0.618,NA,,high information load,12,0.4,11.6,0.7,SD,-0.7016464154456241,0.11794871794871796,-0.6860542728801657,0.11276479898702121,-1.3442314920153624,-0.02787705374496907,NA
-0.03797472587057172,0.04064988338355021,9,9,1,1,Miller & Schyb (1989),Miller & Schyb (1989),1989,not recorded,not recorded,Journal of Music Therapy,between,196,147,49,,"Vasilev, et al. (2018)",adults,num_correct,reading comprehension,music,,,0.786,47.5,,classical+pop+vocal,8.3,0.55,8.2,0.5833333333333334,SE,-0.038274526337970974,0.041294257227490284,-0.03797472587057172,0.04064988338355021,-0.43314632404818176,0.35719687230703834,NA
0.10365480776954619,0.009017686465383746,10,10,1,1,Doyle & Furnham (2012),Doyle & Furnham (2012),2012,not recorded,not recorded,Thinking Skills and Creativity,within,56,56,56,,"Vasilev, et al. (2018)",adults,num_correct,reading comprehension,music,,,1.022,NA,,vocal,4.825,2.74,5.234999999999999,2.8449999999999998,SD,0.14664602299772317,0.00926991727894097,0.10365480776954619,0.009017686465383746,-0.08246973205639455,0.28977934759548696,NA
-0.2778382005194324,0.0016463394228057888,11,11,1,1,Anderson & Fuller (2010),Anderson & Fuller (2010),2010,not recorded,not recorded,School Psychology Quarterly,within,334,334,334,,"Vasilev, et al. (2018)",children,num_correct,reading comprehension,music,,,2.75,75,,lyrical,30.56,10.21,26.49,10.7,SD,-0.38856386755599076,0.0016537861050027933,-0.2778382005194324,0.0016463394228057888,-0.35736541301082253,-0.1983109880280423,NA
-0.8090904005175092,0.010933518948040904,12,12,1,1,Furnham & Strbac (2002),Furnham & Strbac (2002),2002,not recorded,not recorded,Ergonomics,within,76,76,76,,"Vasilev, et al. (2018)",children,num_correct,reading comprehension,noise+music,,,1.449,NA,,NA,23.93,3.12,19.505,4.067500000000001,SD,-1.1404257138368183,0.011156267433731337,-0.8090904005175092,0.010933518948040904,-1.014034798808348,-0.6041460022266705,NA
0.032498831061216205,0.012493845483166358,13,13,1,1,Mullikin & Henk (1985),Mullikin & Henk (1985),1985,not recorded,not recorded,Journal of Reading,within,45,45,45,,"Vasilev, et al. (2018)",children,num_correct,reading comprehension,music,,,0.171,NA,,classical+rock,8.428,1.4044,8.402000000000001,1.3465,SD,0.04613896173071827,0.012933478161234779,0.032498831061216205,0.012493845483166358,-0.18658187737321413,0.25157953949564654,NA
-1.7672395708047253,0.14069052313146863,14,14,1,1,Avila et al. (2011),Avila et al. (2011),2011,not recorded,not recorded,Psychology of Music,between,58,39,19,,"Vasilev, et al. (2018)",children,num_correct,reading comprehension,music,,,2.01,NA,,vocal+instrumental,13.42,0.5,7.945,0.8200000000000001,SE,-1.8046310500087652,0.14670476313597838,-1.7672395708047253,0.14069052313146863,-2.5024107846466777,-1.0320683569627729,NA
-0.04924905967758165,0.04683889391390428,15,15,1,1,Freeburne & Fleischer (1952),Freeburne & Fleischer (1952),1952,not recorded,not recorded,Journal of Educational Psychology,between,208,165,43,,"Vasilev, et al. (2018)",adults,num_correct,reading comprehension,music,,,3.256,NA,,various,13.4,5.81,13.09,7.029999999999999,SD,-0.04973227439081844,0.04771044047502231,-0.04924905967758165,0.04683889391390428,-0.47343804451765814,0.37493992516249486,NA
-0.4692030235257056,0.033014648362990964,16,16,1,1,Fendrick (1937),Fendrick (1937),1937,not recorded,not recorded,The Journal of Educational Research,between,123,62,61,,"Vasilev, et al. (2018)",adults,num_correct,reading comprehension,music,,,1.218,NA,,semi-classical,33.69,1.11,29.58,1.11,SE,-0.47213554242274125,0.033428621102230036,-0.4692030235257056,0.033014648362990964,-0.8253337202527163,-0.11307232679869483,NA
-0.5945085952287724,0.12111494000667625,17,17,1,1,Henderson et al. (1945),Henderson et al. (1945),1945,not recorded,not recorded,Journal of Applied Psychology,between,50,31,19,,"Vasilev, et al. (2018)",adults,num_correct,reading comprehension,music,,,3.81,NA,,classical+pop,49.2,NA,34.5,NA,NA,-0.6092379081226813,0.12699798523155204,-0.5945085952287724,0.12111494000667625,-1.2766194025978153,0.08760221214027042,NA
-0.3863500881417701,0.14374983193459492,18,18,1,1,Miller (2014),Miller (2014),2014,not recorded,not recorded,NA,between,72,59,13,,"Vasilev, et al. (2018)",adults,num_correct,reading comprehension,music,,,NA,NA,,classical+rock,15.077,2.139,14.18525,1.9894999999999998,SD,-0.39873993079848125,0.15282678565386473,-0.3863500881417701,0.14374983193459492,-1.1294714472480334,0.3567712709644931,NA
-0.03760280602699387,0.11880174319924229,19,19,1,1,Furnham & Allass (1999),Furnham & Allass (1999),1999,not recorded,not recorded,European Journal of Personality,between,48,32,16,,"Vasilev, et al. (2018)",adults,num_correct,reading comprehension,music,,,3.989,NA,,complex+simple,8,2.855,7.9075,1.83,SD,-0.03857529238976096,0.125026121094268,-0.03760280602699387,0.11880174319924229,-0.7131683296249711,0.6379627175709834,NA
-0.9661495560818704,0.20679178767674758,20,20,1,1,Furnham & Bradley (1997),Furnham & Bradley (1997),1997,not recorded,not recorded,Applied Cognitive Psychology,between,20,10,10,,"Vasilev, et al. (2018)",adults,num_correct,reading comprehension,music,,,1.481,NA,,pop,9.3,1.835,7.699999999999999,1.29,SD,-1.0087738012031293,0.22544061454984526,-0.9661495560818704,0.20679178767674758,-1.8574471110762691,-0.07485200108747148,NA
-0.09537708152177841,0.043409949227853864,21,21,1,1,Furnham at al. (1999),Furnham at al. (1999),1999,not recorded,not recorded,Personality and Individual Differences,between,139,96,43,,"Vasilev, et al. (2018)",children,num_correct,reading comprehension,music,,,1.946,NA,,vocal+instrumental,7.779999999999999,1.9,7.595000000000001,2.005,SD,-0.09618730522920577,0.044153217565588564,-0.09537708152177841,0.043409949227853864,-0.5037441479628951,0.31298998491933827,NA
-0.4906883748353282,0.02117819454392885,22,22,1,1,Perham & Currie (2014),Perham & Currie (2014),2014,not recorded,not recorded,Applied Cognitive Psychology,within,30,30,30,,"Vasilev, et al. (2018)",adults,prop_correct,reading comprehension,music,,,1.481,70,,lyrical+ non-lyrical,0.607869289468922,0.045594213004850004,0.42788264769445533,0.04657151137729434,SE,-0.7030335680296655,0.022327935494535957,-0.4906883748353282,0.02117819454392885,-0.7759218794590962,-0.20545487021156017,NA
-0.744547240731161,0.16095123612498327,23,23,1,1,Kelly (1994),Kelly (1994),1994,not recorded,not recorded,Southeastern Journal of Music Education,between,25,12,13,,"Vasilev, et al. (2018)",adults,num_correct,reading comprehension,music,,,NA,65,,pop,54.92,8.47,48.17,9.08,SD,-0.7699295330288142,0.17211223997300962,-0.744547240731161,0.16095123612498327,-1.5308743156165014,0.04177983415417952,NA
0.4558019360566885,0.07242539306742515,24,24,1,1,Dove (2009),Dove (2009),2009,not recorded,not recorded,NA,between,84,56,28,,"Vasilev, et al. (2018)",adults,num_correct,reading comprehension,music,,,NA,62.5,,sedative+stimulative,163.21428571428572,13.601081500726991,168.94642857142856,12.409730778645676,SD,0.4622519634537171,0.07448967146986757,0.4558019360566885,0.07242539306742515,-0.07167260362065031,0.9832764757340273,NA
-0.446640713680195,0.028653561087316582,25,25,1,1,Furnham et al. (1994),Furnham et al. (1994),1994,not recorded,not recorded,Applied Cognitive Psychology,within,20,20,20,,"Vasilev, et al. (2018)",adults,num_correct,reading comprehension,speech,,,1.481,NA,,TV drama,8.649999999999999,2.1149999999999998,7.199999999999999,2.3200000000000003,SD,-0.6491985647651668,0.031091103610369555,-0.446640713680195,0.028653561087316582,-0.7784170242767103,-0.11486440308367968,NA
0.24470121562671066,0.08836923535925263,26,26,1,1,Johansson (1983),Johansson (1983),1983,not recorded,not recorded,Ergonomics,between,66,44,22,,"Vasilev, et al. (2018)",children,prop_correct,select word,noise,,,1.449,59.2,,continuous+intermittent,96.55,4.38,97.53999999999999,3.495,SD,0.2491774573759798,0.09163182647732737,0.24470121562671066,0.08836923535925263,-0.3379472672135906,0.8273496984670119,NA
-0.27405771241755505,0.020293757634232648,27,27,1,1,Halin (2016),Halin (2016),2016,not recorded,not recorded,Frontiers in Psychology,within,28,28,28,,"Vasilev, et al. (2018)",adults,prop_correct,reading comprehension (easy font),speech+noise,,,2.463,60,,NA,0.512266197933391,0.029427738293887562,0.4535491882240045,0.027339103405307624,SE,-0.3934440138080619,0.0214814377916355,-0.27405771241755505,0.020293757634232648,-0.5532717867900123,0.0051563619549022666,NA
0.005102006923848476,0.016753206794041783,29,29,1,1,Cauchard et al. (2012),Cauchard et al. (2012),2012,not recorded,not recorded,Applied Cognitive Psychology,within,30,30,30,,"Vasilev, et al. (2018)",adults,prop_correct,reading comprehension,music+speech,,,1.481,65,,NA,0.87,0.03,0.865,0.03,SE,0.007309898330053133,0.017662720013648166,0.005102006923848476,0.016753206794041783,-0.24858898467812174,0.2587929985258187,NA
-0.4406239374832669,0.02458978697605146,30,30,1,1,Johansson et al. (2012),Johansson et al. (2012),2012,not recorded,not recorded,Psychology of Music,within,24,24,24,,"Vasilev, et al. (2018)",adults,prop_correct,reading comprehension,music+noise,,,2.01,65,,NA,62.5,24.5,45.333333333333336,28.8,SD,-0.6357952551666431,0.02629494136734015,-0.4406239374832669,0.02458978697605146,-0.7479741052840985,-0.13327376968243537,NA
-0.10450313826165562,0.013893234184082483,33,33,1,1,"Martin et al. (1988), Exp.1",Martin et al. (1988),1988,not recorded,not recorded,Journal of Memory and Language,within,36,36,36,,"Vasilev, et al. (2018)",adults,perc_correct,reading comprehension,music+speech+noise,,,5.218,82,,NA,72.1,NA,67.54,NA,NA,-0.14903754901603208,0.014512931318699051,-0.10450313826165562,0.013893234184082483,-0.3355274842548242,0.12652120773151293,NA
-0.027533262079897883,0.013701939864765141,34,33,2,1,"Martin et al. (1988), Exp.2",Martin et al. (1988),1988,not recorded,not recorded,Journal of Memory and Language,within,36,36,36,,"Vasilev, et al. (2018)",adults,perc_correct,reading comprehension,music,,,5.218,82,,vocal+instrumental,67,NA,64.5,NA,NA,-0.03926666667683886,0.014313104461890533,-0.027533262079897883,0.013701939864765141,-0.2569616216706027,0.20189509751080698,NA
-0.18867532805473383,0.010811254474807352,35,33,4,1,"Martin et al. (1988), Exp.4",Martin et al. (1988),1988,not recorded,not recorded,Journal of Memory and Language,within,48,48,48,,"Vasilev, et al. (2018)",adults,perc_correct,reading comprehension,noise+speech,,,5.218,82,,NA,69.4,NA,62.96666666666666,NA,NA,-0.2675650428443578,0.01116666935637814,-0.18867532805473383,0.010811254474807352,-0.3924706056997762,0.015119949590308573,NA
-0.24921676708260587,0.01104465092249815,36,33,5,1,"Martin et al. (1988), Exp.5",Martin et al. (1988),1988,not recorded,not recorded,Journal of Memory and Language,within,48,48,48,,"Vasilev, et al. (2018)",adults,perc_correct,reading comprehension,noise+speech,,,5.218,82,,NA,67.5,NA,57.1,NA,NA,-0.353420320767354,0.011407738601985995,-0.24921676708260587,0.01104465092249815,-0.45520009403862166,-0.043233440126590084,NA
-0.16759079574244828,0.04825769606304942,37,33,2,1,"Cool et al. (1994), Exp.2",Cool et al. (1994),1994,not recorded,not recorded,The Journal of Experimental Education,within,9,9,9,,"Vasilev, et al. (2018)",children,prop_correct,reading comprehension,speech+music,,,1.638,NA,,NA,84,13.8,80.195,15.65,SD,-0.25890730303598297,0.05915260958748789,-0.16759079574244828,0.04825769606304942,-0.5981564297586928,0.26297483827379625,NA
-0.00575766531158586,0.005550128126225526,38,38,1,1,Mitchell (1949),Mitchell (1949),1949,not recorded,not recorded,The Journal of Educational Research,within,91,91,91,,"Vasilev, et al. (2018)",children,reading_score,reading test (composite),music,,,1.218,NA,,radio/ generic,147.31,NA,147.2,NA,NA,-0.008101796715283098,0.005644063746970648,-0.00575766531158586,0.005550128126225526,-0.1517760621309866,0.14026073150781487,NA
-0.5566288987941348,0.0635562820535566,39,39,1,1,Armstrong et al. (1991),Armstrong et al. (1991),1991,not recorded,not recorded,Communications Monographs,between,95,62,33,,"Vasilev, et al. (2018)",adults,reading_score,reading comprehension,speech,,,2.029,NA,,TV ads+drama,9.23,NA,7.775,NA,NA,-0.563489398535337,0.06512985953282828,-0.5566288987941348,0.0635562820535566,-1.0507521760609957,-0.06250562152727401,NA
-0.29828886064100346,0.06574792742884505,40,40,1,1,"Pool et al. (2000), Exp.1",Pool et al. (2000),2000,not recorded,not recorded,Communication Research,between,90,60,30,,"Vasilev, et al. (2018)",children,prop_correct,reading comprehension,speech+music,,,1.976,60,,NA,0.755,0.095,0.7275,0.0875,SD,-0.3022137140704903,0.06748951899681827,-0.29828886064100346,0.06574792742884505,-0.8008594905137122,0.20428176923170527,NA
-0.33467408175922014,0.06232324755727222,41,40,2,1,"Pool et al. (2000), Exp.2",Pool et al. (2000),2000,not recorded,not recorded,Communication Research,between,96,48,48,,"Vasilev, et al. (2018)",children,prop_correct,reading comprehension,speech+music,,,1.976,60,,NA,0.76,0.10500000000000001,0.72,0.11750000000000001,SD,-0.3383118435174725,0.06368546409768991,-0.33467408175922014,0.06232324755727222,-0.8239807216242612,0.15463255810582083,NA
0.04475234141868972,0.03926886928917599,42,42,1,1,Dockrell & Shield (2006),Dockrell & Shield (2006),2006,not recorded,not recorded,British Educational Research Journal,between,156,104,52,,"Vasilev, et al. (2018)",children,reading_score,reading comprehension,noise,,,1.124,65,,NA,33.45,11.62,33.535,10.59,SD,0.045084660785660174,0.03985423566857853,0.04475234141868972,0.03926886928917599,-0.3436485960947237,0.43315327893210315,NA
-0.08644871409893835,0.011960358054078041,43,43,1,1,"Hyönä & Ekholm (2016), Exp.1",Hyönä & Ekholm (2016),2016,not recorded,not recorded,PloS One,within,42,42,42,,"Vasilev, et al. (2018)",adults,perc_correct,reading comprehension,speech,,,3.057,82.5,,native+foreign,78,15,76.25,13.75,SD,-0.12289002559115496,0.012413076294484354,-0.08644871409893835,0.011960358054078041,-0.3008010210623723,0.12790359286449554,NA
-0.09294786009639767,0.09859604057265545,47,47,1,1,Armstrong & Chung (2000),Armstrong & Chung (2000),2000,not recorded,not recorded,Communication Research,between,39,20,19,,"Vasilev, et al. (2018)",adults,num_correct,reading comprehension,speech,,,1.976,NA,,native,7.84,1.46,7.7,1.49,SD,-0.09488427384840596,0.10274700235023687,-0.09294786009639767,0.09859604057265545,-0.7083879867244176,0.5224922665316223,NA
-0.09892744110201476,0.03943747722399331,48,48,1,1,"Madsen (1987), Exp.1",Madsen (1987),1987,not recorded,not recorded,NA,between,100,50,50,,"Vasilev, et al. (2018)",adults,num_correct,reading comprehension,music,,,NA,75,,various,31.74,6.87,31.04,7.17,SD,-0.09969234399713343,0.04004969281725822,-0.09892744110201476,0.03943747722399331,-0.4881613200279026,0.2903064378238731,NA
-0.1307956178039322,0.0211885731282041,49,49,1,1,"Sörqvist (2010b), Exp.1a",Sörqvist (2010b),2010,not recorded,not recorded,Journal of Environmental Psychology,within,23,23,23,,"Vasilev, et al. (2018)",children,prop_correct,reading comprehension,noise,,,2.647,57.5,,aircraft,0.28,0.22,0.24,0.2,SD,-0.18902691015571263,0.022729068878596485,-0.1307956178039322,0.0211885731282041,-0.4160990046210341,0.15450776901316968,NA
-0.5077889469982517,0.02642209749900586,50,49,2,1,"Sörqvist (2010b), Exp.1b",Sörqvist (2010b),2010,not recorded,not recorded,Journal of Environmental Psychology,within,23,23,23,,"Vasilev, et al. (2018)",children,prop_correct,reading comprehension,speech,,,2.647,57.5,,native,0.28,0.16,0.17,0.11,SD,-0.7338607919279753,0.028343091832479496,-0.5077889469982517,0.02642209749900586,-0.8263845052726584,-0.189193388723845,NA
-0.4572534604993423,0.024367842638951122,51,51,1,1,"Sörqvist et al. (2010c), Exp.1",Sörqvist et al. (2010c),2010,not recorded,not recorded,Memory,within,24,24,24,,"Vasilev, et al. (2018)",adults,prop_correct,reading comprehension,speech,,,1.976,65,,native,0.61,0.17,0.49,0.19,SD,-0.6597907100883512,0.026057606520293677,-0.4572534604993423,0.024367842638951122,-0.7632134321979203,-0.15129348880076432,NA
-0.30376445667184504,0.012880906682630677,52,51,2,1,"Sörqvist et al. (2010c), Exp.2",Sörqvist et al. (2010c),2010,not recorded,not recorded,Memory,within,42,42,42,,"Vasilev, et al. (2018)",adults,prop_correct,reading comprehension,speech,,,1.976,65,,native,0.54,0.15,0.47,0.17,SD,-0.43181234380610356,0.013368469126984939,-0.30376445667184504,0.012880906682630677,-0.5262128576820434,-0.08131605566164671,NA
-0.10443055715232524,0.015446813423313898,53,53,1,1,Halin et al. (2014),Halin et al. (2014),2014,not recorded,not recorded,Journal of Applied Research in Memory and Cognition,within,32,32,32,,"Vasilev, et al. (2018)",adults,prop_correct,reading comprehension,speech,,,2.063,65,,native,59.629999999999995,NA,56.265,NA,NA,-0.1493626243476508,0.016228808352869165,-0.10443055715232524,0.015446813423313898,-0.34802956874104796,0.13916845443639747,NA
-0.7028366919913188,0.03030323198209021,57,57,1,1,Baker & Madell (1965),Baker & Madell (1965),1965,not recorded,not recorded,Journal of Educational Psychology,within,24,24,24,,"Vasilev, et al. (2018)",adults,perc_correct,reading comprehension,speech,,,3.256,NA,,native,79.5,18.9,49,31.5,SD,-1.0141533310184037,0.032404579551096206,-0.7028366919913188,0.03030323198209021,-1.0440300330494319,-0.3616433509332059,NA
-0.03618627478385655,0.01237163649023097,58,58,1,1,Vasilev et al. (n.d.),Vasilev et al. (n.d.),2016,not recorded,not recorded,NA,within,40,40,40,,"Vasilev, et al. (2018)",adults,perc_correct,reading comprehension,noise+speech,,,NA,60,,NA,0.9363636,0.2443819,0.9227272666666667,0.2667118333333333,SD,-0.05148994906557769,0.012864809845818866,-0.03618627478385655,0.01237163649023097,-0.25419287730054935,0.18182032773283627,NA
-0.2608990373823837,0.09269680581427366,59,59,1,1,"Falcon (2017), Sample 1",Falcon (2017),2017,not recorded,not recorded,NA,between,42,20,22,,"Vasilev, et al. (2018)",children,num_correct,reading comprehension,music,,,NA,55,,classical,5.86,2.1,5.35,1.694,SD,-0.2659163265628141,0.0962963489394581,-0.2608990373823837,0.09269680581427366,-0.8576435800604996,0.33584550529573226,NA
1.3218562216523095,0.08997695974938381,60,59,1,2,"Falcon (2017), Sample 2",Falcon (2017),2017,not recorded,not recorded,NA,between,53,28,25,,"Vasilev, et al. (2018)",children,num_correct,reading comprehension,music,,,NA,55,,classical,5.24,2.204,7.68,1.389,SD,1.3416840649770942,0.09269651335780893,1.3218562216523095,0.08997695974938381,0.7339314912886065,1.9097809520160127,NA
-0.39438576080428667,0.029977897896654157,61,61,1,1,Ahuja (2016),Ahuja (2016),2016,not recorded,not recorded,NA,within,20,20,20,,"Vasilev, et al. (2018)",adults,num_correct,reading comprehension,music,,,NA,60,,NA,2.45,0.887,1.975,0.676,SD,-0.5732452551589107,0.032528101016334805,-0.39438576080428667,0.029977897896654157,-0.7337426416241495,-0.05502887998442385,NA
0.11754263667170317,0.06411458487081467,62,62,1,1,Kou et al. (2017),Kou et al. (2017),2017,not recorded,not recorded,Psychology of Music,between,92,61,31,,"Vasilev, et al. (2018)",adults,num_correct,reading comprehension,music+noise,,,1.394,65,,NA,6.5,2.52,6.8,2.45,SD,0.11913266168470009,0.06577153964987179,0.11754263667170317,0.06411458487081467,-0.3787461796839766,0.613831453027383,NA
0.06565379802065718,0.06160780071508118,65,65,1,1,Gillis (2016),Gillis (2016),2016,not recorded,not recorded,NA,between,71,47,24,,"Vasilev, et al. (2018)",adults,num_correct,reading comprehension,music,,,NA,NA,,various,8.39864864864865,NA,8.530405405405405,NA,NA,0.06637792079294384,0.06297429078014184,0.06565379802065718,0.06160780071508118,-0.4208362093043195,0.5521438053456338,NA
-0.10608161271154987,0.08088092503599138,66,66,1,1,Adam (2019),Adam (2019),2019,not recorded,not recorded,Dissertation,between,48,25,23,,2023 additional studies,adults,num_correct,reading comprehension,music,,,NA,55,,instrumental,NA,NA,NA,NA,NA,-0.1078496395900757,0.08359942279414553,-0.10608161271154987,0.08088092503599138,-0.6634972221254454,0.4513339967023456,"Adam, E. (2019). The Influence of Background Music on Learning From Text (Doctoral dissertation, University of Geneva)."
0.18986708801317526,0.024608641141857027,67,67,1,1,Christensen and Hansson (2018),Christensen and Hansson (2018),2018,not recorded,not recorded,Dissertation,within,20,20,20,,2023 additional studies,adults,prop_correct,reading comprehension,music,,,NA,NA,,slow tempo+fast tempo,NA,NA,NA,NA,NA,0.276006689464541,0.0267020845723275,0.18986708801317526,0.024608641141857027,-0.04249089940445182,0.5724237431763705,"Christensen, T., & Hansson, T. (2018). A study of how tempo in music affects reading comprehension when consuming written news on a smartphone."
-0.0642379416941009,0.013359519877512249,68,68,1,1,Herring and Scott (2018),Herring and Scott (2018),2018,not recorded,not recorded,Journal of Emerging Investigators,within,37,37,37,,2023 additional studies,adults,num_correct,reading comprehension,music,,,NA,NA,,instrumental+Spanish+English,NA,NA,NA,NA,NA,-0.09156737621604713,0.013938205202818773,-0.0642379416941009,0.013359519877512249,-0.31618973288716784,0.1368969682683343,"Da’Naesha Herring, J. S. (2018). The Effect of Lyrical and Instrumental Music on Reading Comprehension tasks. Journal of Emerging Investigators"
-0.39960618029440537,0.14739373313798015,70,70,1,1,Du et al. (2020),Du et al. (2020),2020,not recorded,not recorded,Scientific Reports,between,26,13,13,,2023 additional studies,adults,perc_correct,reading comprehension,music,,,4.99,NA,,low arousal+high arousal,NA,NA,NA,NA,NA,-0.4126368166083534,0.15716309564866146,-0.39960618029440537,0.14739373313798015,-1.152085131766201,0.3528727711773904,"Du, M., Jiang, J., Li, Z., Man, D., & Jiang, C. (2020). The effects of background music on neural responses during reading comprehension. Scientific Reports, 10(1), 1-10."
-0.07831539163145293,0.008291630130293683,72,72,1,1,Hao and Conway (2021),Hao and Conway (2021),2021,not recorded,not recorded,Memory & Cognition,within,61,61,61,,2023 additional studies,adults,num_correct,reading comprehension,speech,,,2.482,NA,,intelligible+unintelligible,NA,NA,NA,NA,NA,-0.110681280101511,0.008503774143071413,-0.07831539163145293,0.008291630130293683,-0.28776430560700117,0.06918035494627649,"Hao, H., & Conway, A. R. (2021). The impact of auditory distraction on reading comprehension: An individual differences investigation. Memory & Cognition, 1-12."
0.16618637617478094,0.20970864037423637,73,73,1,1,Kaul et al. (2020),Kaul et al. (2020),2020,not recorded,not recorded,Minnesota Undergraduate Research & Academic Journal,between,17,9,8,,2023 additional studies,adults,num_correct,reading comprehension,music,,,NA,NA,,lyrical+instrumental,NA,NA,NA,NA,NA,0.17502561881059114,0.23201252565134683,0.16618637617478094,0.20970864037423637,-0.7312953729930001,1.0636681253425617,"Kaul, A., Phung, H., Yap, J., & McCaul, A. (2020). Help or Hinder: The Effects of Music on College Students Reading Comprehension. Minnesota Undergraduate Research & Academic Journal, 3(3)."
0.8665962734218257,0.02555447311774265,75,75,1,1,Mohan and Thomas (2020),Mohan and Thomas (2020),2020,not recorded,not recorded,International Journal of Adolescence and Youth,within,34,34,34,,2023 additional studies,adults,reading_score,reading comprehension,music,,,NA,NA,,Indian+western,NA,NA,NA,NA,NA,1.2377111248680102,0.02676637653647349,0.8665962734218257,0.02555447311774265,0.8962901845540863,1.522443006027674,"Mohan, A., & Thomas, E. (2020). Effect of background music and the cultural preference to music on adolescents’ task performance. International Journal of Adolescence and Youth, 25(1), 562-573. Doi:10.1080/02673843.2019.1689368"
0.3644098914768372,0.01734776168482864,76,76,1,1,Moreno and Woodruff (2021),Moreno and Woodruff (2021),2021,not recorded,not recorded,"Technology, Knowledge and Learning",within,32,32,32,,2023 additional studies,children,num_correct,reading comprehension,music,,,NA,72.3,,instrumental,NA,NA,NA,NA,NA,0.5212609289278838,0.018225992120123092,0.3644098914768372,0.01734776168482864,0.2503938799694697,0.7667006154995718,"Moreno, M., & Woodruff, E. (2021). Exploring the effects of background music on real-time emotional expressions, performance, and confusion mediation in middle school students. Technology, Knowledge and Learning, doi:10.1007/s10758-021-09556-9"
-0.0194922532134396,0.006998889185656679,77,77,1,1,Moreno (2020),Moreno (2020),2020,not recorded,not recorded,Dissertation,within,74,74,74,,2023 additional studies,adults,num_correct,reading comprehension,music,,,NA,72.3,,slow+fast,NA,NA,NA,NA,NA,-0.027485503495447913,0.007145458805104567,-0.0194922532134396,0.006998889185656679,-0.19117364260952102,0.1367693470309025,"Moreno, M. (2020). Andante, allegro o silenzio: An examination of background music tempo on facial emotions, electrodermal responses, and reading task performance (Order No. 27737493). Available from ProQuest Dissertations & Theses Global: The Humanities and Social Sciences Collection. (2425163110). Retrieved from http://libproxy.lib.csusb.edu/login?url=https://www.proquest.com/dissertations-theses/andante-allegro-o-silenzio-examination-background/docview/2425163110/se-2?accountid=10359"
-0.9243135326131006,0.0587832283180811,78,78,1,1,Murphy et al. (2018),Murphy et al. (2018),2018,not recorded,not recorded,Experimental Aging Research,within,17,17,17,,2023 additional studies,adults,perc_correct,reading comprehension,speech+music,,,1.652,NA,,intelligible+unintelligible+instrumental,NA,NA,NA,NA,NA,-1.3587090908150812,0.0652634867464346,-0.9243135326131006,0.0587832283180811,-1.759420452972816,-0.8204058033846765,"Murphy, D. R., Bailey, H., Pearson, M., & Albert, G. (2018). The irrelevant speech effect among younger and older adults: The influence of background noises on reading comprehension. Experimental Aging Research, 44(2), 162-178."
0.28352053983266795,0.03979046351351338,79,79,1,1,Que et al. (2020),Que et al. (2020),2020,not recorded,not recorded,JCDL '20: Proceedings of the ACM/IEEE Joint Conference on Digital Libraries in 2020,between,100,50,50,,2023 additional studies,adults,prop_correct,reading comprehension,music,,,NA,70,,various,NA,NA,NA,NA,NA,0.2857127089550855,0.040408158760292266,0.28352053983266795,0.03979046351351338,-0.10745138324303449,0.6744924629083704,"Que, Y., Zheng, Y., Hsiao, J. H., & Hu, X. (2020). Exploring the effect of personalized background music on reading comprehension. Paper presented at the Proceedings of the ACM/IEEE Joint Conference on Digital Libraries, 57-66. Doi:10.1145/3383583.3398543 Retrieved from www.scopus.com"
-0.1209652999656777,0.016525882041539396,80,80,1,1,Ren et al. (2019),Ren et al. (2019),2019,not recorded,not recorded,Advances in Psychology,within,30,30,30,,2023 additional studies,adults,prop_correct,reading comprehension,music,,,NA,60,,Chinese+English,NA,NA,NA,NA,NA,-0.173333208356887,0.017423054049693756,-0.1209652999656777,0.016525882041539396,-0.4207700617769174,0.08314711680350267,"Ren, Y., Xu, W., & Guizhou, G. (2019). Effect of Chinese and English Background Music on Efficiency of Chinese and English Reading Comprehension."
0.04357311563470528,0.01679455785958771,81,81,1,1,Ross et al. (2021),Ross et al. (2021),2021,not recorded,not recorded,Dissertation,within,29,29,29,,2023 additional studies,adults,perc_correct,text word learning,speech,,,NA,55,,babble,NA,NA,NA,NA,NA,0.062496973900082554,0.017740547615567575,0.04357311563470528,0.01679455785958771,-0.193196018263057,0.31481175125781224,"Ross, C. A. (2021). Examining the effects of background noise on contextualized word learning (Order No. 28811802). Available from ProQuest Dissertations & Theses Global: The Humanities and Social Sciences Collection. (2598030912). Retrieved from http://libproxy.lib.csusb.edu/login?url=https://www.proquest.com/dissertations-theses/examining-effects-background-noise-on/docview/2598030912/se-2?accountid=10359"
0.5918219483590664,0.022390246002853578,82,82,1,1,"Su et al. (2017), Sample 1",Su et al. (2017),2017,not recorded,not recorded,Journal of Educational Technology & Society,within,34,34,34,,2023 additional studies,children,num_correct,reading comprehension,music,,,2.633,NA,,instrumental,NA,NA,NA,NA,NA,0.8481558569911816,0.023606339443637,0.5918219483590664,0.022390246002853578,0.534801443722909,1.1170166327137745,"Su, Y. N., Kao, C. C., Hsu, C. C., Pan, L. C., Cheng, S. C., & Huang, Y. M. (2017). How does Mozart’s music affect children’s reading? The evidence from learning anxiety and reading rates with e-books. Journal of Educational Technology & Society, 20(2), 101-112."
-0.00475054414163867,0.010357785360155664,83,83,1,1,Vasilev et al. (2019),Vasilev et al. (2019),2019,not recorded,not recorded,Quarterly Journal of Experimental Psychology,within,48,48,48,,2023 additional studies,adults,perc_correct,reading comprehension,noise,,,2.138,65,,sine tones+deviant,NA,NA,NA,NA,NA,-0.006737647607617668,0.010698292658887151,-0.00475054414163867,0.010357785360155664,-0.20610503966074267,0.19284592565216888,"Vasilev, M. R., Parmentier, F. B., Angele, B., & Kirkby, J. A. (2019). Distraction by deviant sounds during reading: An eye-movement study. Quarterly Journal of Experimental Psychology, 72(7), 1863-1875."
-0.06751098249130688,0.007109421166637676,84,84,1,1,"Zdorova et al. (2023), Exp.1",Zdorova et al. (2023),2023,not recorded,not recorded,Plos One,within,71,71,71,,2023 additional studies,adults,prop_correct,reading comprehension,speech,,,3.752,50,,babble,NA,NA,NA,NA,NA,-0.09523809523809533,0.00726481376066272,-0.06751098249130688,0.007109421166637676,-0.25947610143172384,0.07104804203592234,"Zdorova, N., Malyutina, S., Laurinavichyute, A., Kaprielova, A., Ziubanova, A., & Lopukhina, A. (2023). Do we rely on good-enough processing in reading under auditory and visual noise?. Plos one, 18(1), e0277429."
-0.15277542236101183,0.008138825111321371,85,85,1,1,"Zhang et al. (2018), Exp.1",Zhang et al. (2018),2018,not recorded,not recorded,"Journal of Experimental Psychology: Learning, Memory, and Cognition",within,63,63,63,,2023 additional studies,adults,prop_correct,reading comprehension,music,,,3.14,NA,,various,NA,NA,NA,NA,NA,-0.2158250108087864,0.008340190493425919,-0.15277542236101183,0.008138825111321371,-0.39002591133738584,-0.03638139746701807,"Zhang, H., Miller, K., Cleveland, R., & Cortina, K. (2018). How listening to music affects reading: Evidence from eye tracking. Journal of Experimental Psychology: Learning, Memory, and Cognition, 44(11), 1778."
-0.05390078137396383,0.012938533276716404,86,86,1,1,Quan and Kuo (2023),Quan and Kuo (2023),2023,not recorded,not recorded,Psychology of Music,within,39,39,39,,2023 additional studies,adults,prop_correct,reading comprehension,music,,,1.904,NA,,Chinese+English,NA,NA,NA,NA,NA,-0.07674523923949311,0.013468384644010716,-0.05390078137396383,0.012938533276716404,-0.29815965788845583,0.14771865911435017,"Quan, Y., & Kuo, Y.-L. (2023). The effects of Chinese and English background music on Chinese reading comprehension. Psychology of Music, 51(2), 655–663. https://doi.org/10.1177/03057356221101647"
0.20575837937580013,0.015602531689271962,87,87,1,1,Dackombe (2020),Dackombe (2020),2020,not recorded,not recorded,Dissertation,within,33,33,33,,2023 additional studies,adults,prop_correct,reading comprehension,music,,,NA,NA,,classical+rap,NA,NA,NA,NA,NA,0.2940903117772854,0.016366625495334772,0.20575837937580013,0.015602531689271962,0.042360720549582384,0.5319258725273215,Dackombe. N. (2020). Does Anxiety Modulate the Degree of Distraction Caused by Different Music Genres? Undergraduate dissertation. Bournemouth University
-0.17020851159284134,0.005773009461853074,88,88,1,1,Corradine (2020),Corradine (2020),2020,not recorded,not recorded,Dissertation,within,90,90,90,,2023 additional studies,adults,num_correct,reading comprehension,noise+music,,,NA,NA,,brown+classical+pop,NA,NA,NA,NA,NA,-0.23955658586896228,0.005871832365622043,-0.17020851159284134,0.005773009461853074,-0.38645252845686345,-0.08861179957623357,"Corradine, R. (2020). Personality and performance: Can we predict optimum working environments based on personality? M.Sc. dissertation. Bournemouth University."
-0.02121025708932,0.013695411910595702,89,89,1,1,Goldenberg (2021),Goldenberg (2021),2021,not recorded,not recorded,Dissertation,within,36,36,36,,2023 additional studies,adults,num_correct,reading comprehension,noise,,,NA,NA,,quiet office+busy office,NA,NA,NA,NA,NA,-0.030252618857487795,0.014306285333294743,-0.02121025708932,0.013695411910595702,-0.2589732510299608,0.19977388175487681,"Goldenberg, V. (2021). Measured and perceived impact of noise during reading. An eye tracking study. M.Sc. dissertation. Bournemouth University."
-0.04304399391362426,0.0025030172078828183,90,90,1,1,"Vasilev et al. (2023), Exp.1",Vasilev et al. (2023),2023,not recorded,not recorded,Pre-print,within,204,204,204,,2023 additional studies,adults,perc_correct,reading comprehension,music,,,NA,NA,,instrumental+lyrical,NA,NA,NA,NA,NA,-0.060292488070603424,0.0025216384744539367,-0.04304399391362426,0.0025030172078828183,-0.1581285759876988,0.03798966017747055,"Vasilev, M. R., Hitching, L., Tyrrell, S., & House, P. (2022). What makes background music distracting? Investigating the role of song lyrics using self-paced reading."
-0.054545743149920396,0.002507761527825708,91,90,2,1,"Vasilev et al. (2023), Exp.2",Vasilev et al. (2023),2023,not recorded,not recorded,Pre-print,within,204,204,204,,2023 additional studies,adults,perc_correct,reading comprehension,music,,,NA,67,,instrumental+lyrical,NA,NA,NA,NA,NA,-0.07640319285352926,0.002526418089897823,-0.054545743149920396,0.002507761527825708,-0.17427245943802266,0.022031325466008778,"Vasilev, M. R., Hitching, L., Tyrrell, S., & House, P. (2022). What makes background music distracting? Investigating the role of song lyrics using self-paced reading."
-0.015581737707295916,0.002499627955756894,92,90,3,1,"Vasilev et al. (2023), Exp.3",Vasilev et al. (2023),2023,not recorded,not recorded,Pre-print,within,204,204,204,,2023 additional studies,adults,perc_correct,reading comprehension,music,,,NA,NA,,instrumental+lyrical,NA,NA,NA,NA,NA,-0.02182561722133904,0.002518224007891965,-0.015581737707295916,0.002499627955756894,-0.11973758616065044,0.07624782360863577,"Vasilev, M. R., Hitching, L., Tyrrell, S., & House, P. (2022). What makes background music distracting? Investigating the role of song lyrics using self-paced reading."
-0.028900072881761822,0.002502628808018379,93,90,4,1,"Vasilev et al. (2023), Exp.4",Vasilev et al. (2023),2023,not recorded,not recorded,Pre-print,within,204,204,204,,2023 additional studies,adults,perc_correct,reading comprehension,music+speech,,,NA,NA,,instrumental+lyrical+intelligible,NA,NA,NA,NA,NA,-0.04048084624674367,0.0025212471850778358,-0.028900072881761822,0.002502628808018379,-0.13838258931063732,0.0577203851987535,"Vasilev, M. R., Hitching, L., Tyrrell, S., & House, P. (2022). What makes background music distracting? Investigating the role of song lyrics using self-paced reading."
